Alias,Canonical_Name,Alias_Type
bini,binimetinib,Abbreviation
cap,capecitabine,Abbreviation
dab,dabrafenib,Abbreviation
enco,encorafenib,Abbreviation
ipi,ipilimumab,Abbreviation
nivo,nivolumab,Abbreviation
tram,trametinib,Abbreviation
trast,trastuzumab,Abbreviation
tuca,tucatinib,Abbreviation
T-DXD,trastuzumab-deruxtecan,Abbreviation
KEYTRUDA,pembrolizumab,Brand
OPDIVO,nivolumab,Brand
YERVOY,ipilimumab,Brand
LIBTAYO,cemiplimab,Brand
JEMPERLI,dostarlimab,Brand
IMFINZI,durvalumab,Brand
IMJUDO,tremelimumab,Brand
TAGRISSO,osimertinib,Brand
ALECENSA,alectinib,Brand
ALUNBRIG,brigatinib,Brand
LORBRENA,lorlatinib,Brand
RETEVMO,selpercatinib,Brand
ROZLYTREK,entrectinib,Brand
GILOTRIF,afatinib,Brand
GIOTRIF,afatinib,Brand
TARCEVA,erlotinib,Brand
LAZCLUZE,lazertinib,Brand
TUKYSA,tucatinib,Brand
TEPMETKO,tepotinib,Brand
TECENTRIQ,atezolizumab,Brand
AFINITOR,everolimus,Brand
WELIREG,belzutifan,Brand
VORANIGO,vorasidenib,Brand
TEMODAR,temozolomide,Brand
TEMODAL,temozolomide,Brand
TABRECTA,capmatinib,Brand
NERLYNX,neratinib,Brand
TAFINLAR,dabrafenib,Brand
BRAFTOVI,encorafenib,Brand
MEKTOVI,binimetinib,Brand
MEKINIST,trametinib,Brand
VERZENIO,abemaciclib,Brand
AVASTIN,bevacizumab,Brand
MVASI,bevacizumab,Brand
INLYTA,axitinib,Brand
CABOMETYX,cabozantinib,Brand
COMETRIQ,cabozantinib,Brand
XELODA,capecitabine,Brand
TRODELVY,sacituzumab-govitecan,Brand
RITUXAN,rituximab,Brand
MABTHERA,rituximab,Brand
TYKERB,lapatinib,Brand
TYVERB,lapatinib,Brand
LENVIMA,lenvatinib,Brand
FEMARA,letrozole,Brand
AROMASIN,exemestane,Brand
KISQALI,ribociclib,Brand
STIVARGA,regorafenib,Brand
SUTENT,sunitinib,Brand
IMDELLTRA,tarlatamab,Brand
VEPESID,etoposide,Brand
HYCAMTIN,topotecan,Brand
PEMAZYRE,pemigatinib,Brand
PARAPLATIN,carboplatin,Brand
PLATINOL,cisplatin,Brand
TAXOTERE,docetaxel,Brand
TAXOL,paclitaxel,Brand
NAVELBINE,vinorelbine,Brand
HERCEPTIN,trastuzumab,Brand
ENHERTU,trastuzumab-deruxtecan,Brand
PIQRAY,alpelisib,Brand
IBRANCE,palbociclib,Brand
VOTRIENT,pazopanib,Brand
ZOLADEX,goserelin,Brand
LUPRON,leuprolide,Brand
FASLODEX,fulvestrant,Brand
RUBRACA,rucaparib,Brand
XPOVIO,selinexor,Brand
XALKORI,crizotinib,Brand
ALIMTA,pemetrexed,Brand
LYNPARZA,olaparib,Brand
FLUDARA,fludarabine,Brand
NEXAVAR,sorafenib,Brand
VITRAKVI,larotrectinib,Brand
TIBSOVO,ivosidenib,Brand
BALVERSA,erdafitinib,Brand
ZEPZELCA,lurbinectedin,Brand
NUBEQA,darolutamide,Brand
LONSURF,trifluridine/tipiracil,Brand
HALAVEN,eribulin,Brand
TMZ,temozolomide,Abbreviation
BEV,bevacizumab,Abbreviation
PEMBRO,pembrolizumab,Abbreviation
VP-16,etoposide,Abbreviation
VP16,etoposide,Abbreviation
5-FU,fluorouracil,Abbreviation
5FU,fluorouracil,Abbreviation
CPT-11,irinotecan,Abbreviation
MTX,methotrexate,Abbreviation
CBDCA,carboplatin,Abbreviation
CARBO,carboplatin,Abbreviation
CDDP,cisplatin,Abbreviation
VCR,vincristine,Abbreviation
VLB,vinblastine,Abbreviation
VNB,vinorelbine,Abbreviation
PTX,paclitaxel,Abbreviation
CCNU,lomustine,Abbreviation
CTX,cyclophosphamide,Abbreviation
CPM,cyclophosphamide,Abbreviation
DTIC,dacarbazine,Abbreviation
SG,sacituzumab-govitecan,Abbreviation
ATEZO,atezolizumab,Abbreviation
leuprorelin,leuprolide,INN synonym
