Canonical_Name,Half_Life_Days,Half_Life_Unit,Source_Type,Source_Citation,DailyMed_URL
alpelisib,0.3541,days,FDA_label,PIQRAY (ALPELISIB) TABLET PIQRAY (ALPELISIB) KIT [NOVARTIS PHARMACEUTICALS CORPORATION],https://dailymed.nlm.nih.gov/dailymed/drugInfo.cfm?setid=b20b4e18-7a4b-4500-a08f-06c6dab0ee5b
binimetinib,0.1458,days,FDA_label,"MEKTOVI (BINIMETINIB) TABLET, FILM COATED [ARRAY BIOPHARMA INC.]",https://dailymed.nlm.nih.gov/dailymed/drugInfo.cfm?setid=6c3408ac-d401-4925-8a03-26591afbc240
carboplatin,0.16667,days,FDA_label,"CARBOPLATIN INJECTION, SOLUTION [BPI LABS LLC]",https://dailymed.nlm.nih.gov/dailymed/drugInfo.cfm?setid=5484d2f0-0cc2-4bba-8f26-c7f6539a9606
cetuximab,4.6667,days,FDA_label,ERBITUX (CETUXIMAB) SOLUTION [IMCLONE LLC],https://dailymed.nlm.nih.gov/dailymed/drugInfo.cfm?setid=8bc6397e-4bd8-4d37-a007-a327e4da34d9
cisplatin,0.02,days,FDA_label,CISPLATIN INJECTION [HIKMA PHARMACEUTICALS USA INC.],https://dailymed.nlm.nih.gov/dailymed/drugInfo.cfm?setid=76aea034-6d58-4390-a164-36aa09c1f101
docetaxel,2.035,days,FDA_label,"BEIZRAY (DOCETAXEL) INJECTION, SOLUTION [ZHUHAI BEIHAI BIOTECH CO., LTD.]",https://dailymed.nlm.nih.gov/dailymed/drugInfo.cfm?setid=3538b979-8cac-49ed-b8dc-50f73ce38c72
doxorubicin,1.5,days,FDA_label,"DOXORUBICIN HYDROCHLORIDE INJECTABLE, LIPOSOMAL [BLUEPOINT LABORATORIES]",https://dailymed.nlm.nih.gov/dailymed/drugInfo.cfm?setid=f6508535-e7a7-4e50-8d0c-43deda8d0d08
gemcitabine,0.3333,days,FDA_label,"GEMCITABINE INJECTION, SOLUTION [HOSPIRA, INC.]",https://dailymed.nlm.nih.gov/dailymed/drugInfo.cfm?setid=dc02a23b-3ff9-4441-aa91-8e9e629a7315
liposomal doxorubicin,0.2083,days,FDA_label,"DOXORUBICIN HYDROCHLORIDE, LIPOSOMAL (DOXORUBICIN HYDROCHLORIDE) INJECTION, SUSPENSION, LIPOSOMAL [BAXTER HEALTHCARE COR",https://dailymed.nlm.nih.gov/dailymed/drugInfo.cfm?setid=b24afa8c-636b-4ace-99d5-51f445ad3123
paclitaxel,1,days,FDA_label,PACLITAXEL INJECTION [BLUEPOINT LABORATORIES],https://dailymed.nlm.nih.gov/dailymed/drugInfo.cfm?setid=59906bd2-8337-4cd8-9288-65b90eac2a7a
panitumumab,7.5,days,FDA_label,"VECTIBIX (PANITUMUMAB) SOLUTION [AMGEN, INC]",https://dailymed.nlm.nih.gov/dailymed/drugInfo.cfm?setid=e0fa4bca-f245-4d92-ae29-b0c630a315c2
pertuzumab,18,days,FDA_label,"PERJETA (PERTUZUMAB) INJECTION, SOLUTION, CONCENTRATE [GENENTECH, INC.]",https://dailymed.nlm.nih.gov/dailymed/drugInfo.cfm?setid=17f85d17-ab71-4f5b-9fe3-0b8c822f69ff
ramucirumab,14,days,FDA_label,CYRAMZA (RAMUCIRUMAB) SOLUTION [ELI LILLY AND COMPANY],https://dailymed.nlm.nih.gov/dailymed/drugInfo.cfm?setid=c6080942-dee6-423e-b688-1272c2ae90d4
trabectedin,7.29,days,FDA_label,"YONDELIS (TRABECTEDIN) INJECTION, POWDER, LYOPHILIZED, FOR SOLUTION [JANSSEN PRODUCTS, LP]",https://dailymed.nlm.nih.gov/dailymed/drugInfo.cfm?setid=472bd78e-be17-4b9d-90f4-9482c3aec9ff
trastuzumab,28,days,FDA_label,"HERCEPTIN HYLECTA (TRASTUZUMAB AND HYALURONIDASE-OYSK) INJECTION, SOLUTION [GENENTECH, INC.]",https://dailymed.nlm.nih.gov/dailymed/drugInfo.cfm?setid=ebf30894-41cf-480c-8bc3-56f592a13813
trifluridine/tipiracil,0.09,days,FDA_label,"LONSURF (TRIFLURIDINE AND TIPIRACIL) TABLET, FILM COATED [TAIHO PHARMACEUTICAL CO., LTD.]",https://dailymed.nlm.nih.gov/dailymed/drugInfo.cfm?setid=f5beed22-d71d-4c0d-8dca-2c7317d65d85
vincristine,3.54,days,FDA_label,"VINCRISTINE SULFATE INJECTION, SOLUTION [HOSPIRA, INC.]",https://dailymed.nlm.nih.gov/dailymed/drugInfo.cfm?setid=b22e4c8e-dbe1-4d4b-a026-e1812974071c
eribulin,1.6667,days,FDA_label,HALAVEN (ERIBULIN MESYLATE) INJECTION [BSP PHARMACEUTICALS SPA],https://dailymed.nlm.nih.gov/dailymed/drugInfo.cfm?setid=8fc8fe1d-59fe-4e43-a95c-e7aa13422cd6
vinorelbine,1.5,days,FDA_label,"VINORELBINE INJECTION, SOLUTION [SAGENT PHARMACEUTICALS]",https://dailymed.nlm.nih.gov/dailymed/drugInfo.cfm?setid=10a70995-e04d-4044-b1dc-c9aa27460397
leucovorin,0.25,days,FDA_label,"LEUCOVORIN CALCIUM TABLET [TEVA PHARMACEUTICALS USA, INC.]",https://dailymed.nlm.nih.gov/dailymed/drugInfo.cfm?setid=94669fc8-3c1c-4228-be27-09a1cd468c36
darolutamide,0.833,days,FDA_label,"NUBEQA (DAROLUTAMIDE) TABLET, FILM COATED [BAYER HEALTHCARE PHARMACEUTICALS INC.]",https://dailymed.nlm.nih.gov/dailymed/drugInfo.cfm?setid=1a7cb212-56e4-4b9d-a73d-bfee7fe4735e
denosumab,26.5,days,FDA_label,"STOBOCLO (DENOSUMAB-BMWO) INJECTION [CELLTRION USA, INC.]",https://dailymed.nlm.nih.gov/dailymed/drugInfo.cfm?setid=10b9eea3-bf70-4ff3-a0b9-54248cbfd156
pegfilgrastim,1.97,days,FDA_label,ZIEXTENZO (PEGFILGRASTIM-BMEZ) INJECTION [SANDOZ INC],https://dailymed.nlm.nih.gov/dailymed/drugInfo.cfm?setid=7dada041-6528-4acf-809c-62d271538c9a
dacarbazine,0.2083,days,FDA_label,"DACARBAZINE INJECTION, POWDER, FOR SOLUTION [MEITHEAL PHARMACEUTICALS INC.]",https://dailymed.nlm.nih.gov/dailymed/drugInfo.cfm?setid=64037f45-6245-49f0-9ae8-18d75753ae1f
domvanalimab,-,days,not_applicable,Investigational / no FDA label,
zimberelimab,12.65,days,not_applicable,Investigational / no FDA label,
tisotumab,4,days,FDA_label,"TIVDAK (TISOTUMAB VEDOTIN) INJECTION, POWDER, FOR SOLUTION [SEAGEN INC.]",https://dailymed.nlm.nih.gov/dailymed/drugInfo.cfm?setid=c9fe3f32-4219-466e-acb9-3f609b4f4df1
cemiplimab,22,days,FDA_label,"LIBTAYO (CEMIPLIMAB-RWLC) INJECTION [REGENERON PHARMACEUTICALS, INC.]",https://dailymed.nlm.nih.gov/dailymed/drugInfo.cfm?setid=4347ae1f-d397-4f18-8b70-03897e1c054a
fruquintinib,1.75,days,FDA_label,"FRUZAQLA (FRUQUINTINIB) CAPSULE [TAKEDA PHARMACEUTICALS AMERICA, INC.]",https://dailymed.nlm.nih.gov/dailymed/drugInfo.cfm?setid=186d786e-dc8a-45f2-b5e1-01ac0201879f
rucaparib,1.083,days,FDA_label,"RUBRACA (RUCAPARIB) TABLET, FILM COATED [PHARMAAND GMBH]",https://dailymed.nlm.nih.gov/dailymed/drugInfo.cfm?setid=0295d202-1cfe-7659-e063-6294a90a476e
sorafenib,1.52,days,FDA_label,"SORAFENIB TABLET, FILM COATED [DR.REDDYS LABORATORIES INC]",https://dailymed.nlm.nih.gov/dailymed/drugInfo.cfm?setid=93f9c3b2-d4c5-80d3-5421-8b4c29fbf8a6
infliximab,9.5,days,FDA_label,"INFLIXIMAB INJECTION, POWDER, LYOPHILIZED, FOR SOLUTION [JANSSEN BIOTECH, INC.]",https://dailymed.nlm.nih.gov/dailymed/drugInfo.cfm?setid=b05c174f-832c-4321-b34f-2c4ad3742269
ifosfamide,0.2916,days,FDA_label,"IFOSFAMIDE INJECTION, POWDER, FOR SOLUTION [BAXTER HEALTHCARE COMPANY]",https://dailymed.nlm.nih.gov/dailymed/drugInfo.cfm?setid=91e433a9-6800-43a6-ac13-a49a04a5aecd
daratumumab,18,days,FDA_label,"DARZALEX (DARATUMUMAB) INJECTION, SOLUTION, CONCENTRATE DARZALEX IV (DARATUMUMAB) INJECTION, SOLUTION, CONCENTRATE [JANS",https://dailymed.nlm.nih.gov/dailymed/drugInfo.cfm?setid=a4d0efe9-5e54-467e-9eb4-56fa7d53b60b
ARX788,-,days,not_applicable,Investigational / no FDA label,
dostarlimab,23.5,days,FDA_label,JEMPERLI (DOSTARLIMAB) INJECTION [GLAXOSMITHKLINE LLC],https://dailymed.nlm.nih.gov/dailymed/drugInfo.cfm?setid=095eab9f-545a-4f12-bfb7-19477fb901a5
afatinib,1.54,days,FDA_label,"GILOTRIF (AFATINIB) TABLET, FILM COATED [BOEHRINGER INGELHEIM PHARMACEUTICALS, INC.]",https://dailymed.nlm.nih.gov/dailymed/drugInfo.cfm?setid=fd638e5e-8032-e7ca-0179-95e96ab5d387
alectinib,1.37,days,FDA_label,"ALECENSA (ALECTINIB HYDROCHLORIDE) CAPSULE [GENENTECH, INC.]",https://dailymed.nlm.nih.gov/dailymed/drugInfo.cfm?setid=42c49deb-713b-427a-9670-08af08adcffb
atezolizumab,27,days,FDA_label,"TECENTRIQ (ATEZOLIZUMAB) INJECTION, SOLUTION [GENENTECH, INC.]",https://dailymed.nlm.nih.gov/dailymed/drugInfo.cfm?setid=6fa682c9-a312-4932-9831-f286908660ee
axitinib,0.175,days,FDA_label,"INLYTA (AXITINIB) TABLET, FILM COATED [U.S. PHARMACEUTICALS]",https://dailymed.nlm.nih.gov/dailymed/drugInfo.cfm?setid=8a903e31-936e-4ed7-8a59-59f32374f338
bevacizumab,20,days,FDA_label,"MVASI (BEVACIZUMAB-AWWB) INJECTION, SOLUTION [AMGEN, INC]",https://dailymed.nlm.nih.gov/dailymed/drugInfo.cfm?setid=0a562b4e-67ce-4bab-852c-d9ee71e55fb8
brigatinib,1.04,days,FDA_label,"ALUNBRIG (BRIGATINIB) TABLET, FILM COATED ALUNBRIG (BRIGATINIB) KIT [TAKEDA PHARMACEUTICALS AMERICA, INC.]",https://dailymed.nlm.nih.gov/dailymed/drugInfo.cfm?setid=0fe9ff20-d402-41f3-bc1e-7002ea7007db
cabozantinib,2.29,days,FDA_label,"COMETRIQ (CABOZANTINIB) KIT COMETRIQ (CABOZANTINIB) CAPSULE [EXELIXIS, INC.]",https://dailymed.nlm.nih.gov/dailymed/drugInfo.cfm?setid=1a0c3bea-c87b-4d25-bb44-5f0174da6b34
capecitabine,0.03125,days,FDA_label,"CAPECITABINE (CAPECITABINE) TABLET, FILM COATED [CAMBER PHARMACEUTICALS, INC.]",https://dailymed.nlm.nih.gov/dailymed/drugInfo.cfm?setid=3e7d6317-1439-4976-ae00-6f62619ec3dd
capmatinib,0.27,days,FDA_label,"TABRECTA (CAPMATINIB) TABLET, FILM COATED [NOVARTIS PHARMACEUTICALS CORPORATION]",https://dailymed.nlm.nih.gov/dailymed/drugInfo.cfm?setid=455892c3-d144-4ba8-9ab4-79cabff9876d
cyclophosphamide,0.31,days,FDA_label,"CYCLOPHOSPHAMIDE INJECTION, POWDER, FOR SOLUTION [BAXTER HEALTHCARE COMPANY]",https://dailymed.nlm.nih.gov/dailymed/drugInfo.cfm?setid=591d9955-3d9c-4cdc-a308-2f1288376b9f
dabrafenib,0.33,days,FDA_label,"TAFINLAR (DABRAFENIB) CAPSULE TAFINLAR (DABRAFENIB) TABLET, FOR SUSPENSION [NOVARTIS PHARMACEUTICALS CORPORATION]",https://dailymed.nlm.nih.gov/dailymed/drugInfo.cfm?setid=fee1e6b1-e1a5-4254-9f2e-a70e0f8dbdea
durvalumab,21,days,FDA_label,"IMFINZI (DURVALUMAB) INJECTION, SOLUTION [ASTRAZENECA PHARMACEUTICALS LP]",https://dailymed.nlm.nih.gov/dailymed/drugInfo.cfm?setid=8baba4ea-2855-42fa-9bd9-5a7548d4cec3
encorafenib,0.1458,days,FDA_label,BRAFTOVI (ENCORAFENIB) CAPSULE [ARRAY BIOPHARMA INC.],https://dailymed.nlm.nih.gov/dailymed/drugInfo.cfm?setid=235dfc38-0f0b-4037-b501-7a9f4294740c
erlotinib,1.5,days,FDA_label,"ERLOTINIB TABLET, FILM COATED [ZYDUS LIFESCIENCES LIMITED]",https://dailymed.nlm.nih.gov/dailymed/drugInfo.cfm?setid=daaa1329-3a3f-439c-b13d-b301daa234d4
etoposide,0.305,days,FDA_label,ETOPOSIDE CAPSULE [ONESOURCE SPECIALTY PHARMA LIMITED],https://dailymed.nlm.nih.gov/dailymed/drugInfo.cfm?setid=7bc994df-ee84-4ed7-80fa-737f70918953
everolimus,1.25,days,FDA_label,EVEROLIMUS TABLET [NORTHSTAR RXLLC],https://dailymed.nlm.nih.gov/dailymed/drugInfo.cfm?setid=5cfca904-b75c-5a39-8cb9-b99bb421bceb
exemestane,1,days,FDA_label,"EXEMESTANE TABLET, SUGAR COATED [MYLAN PHARMACEUTICALS INC.]",https://dailymed.nlm.nih.gov/dailymed/drugInfo.cfm?setid=69abd0ff-b200-4d1a-b14a-80e980a8e781
fluorouracil,0.01375,days,FDA_label,"FLUOROURACIL INJECTION, SOLUTION [FRESENIUS KABI USA, LLC]",https://dailymed.nlm.nih.gov/dailymed/drugInfo.cfm?setid=beb8c6c5-4b6e-4770-b6d4-718e33c7a2ff
oxaliplatin,16.333,days,FDA_label,"OXALIPLATIN INJECTION, SOLUTION [SHANDONG NEW TIME PHARMACEUTICAL CO., LTD.]",https://dailymed.nlm.nih.gov/dailymed/drugInfo.cfm?setid=1ac38523-480b-4c0f-97a1-7dfa1432923c
ipilimumab,15.4,days,FDA_label,"YERVOY (IPILIMUMAB) INJECTION [E.R. SQUIBB & SONS, L.L.C.]",https://dailymed.nlm.nih.gov/dailymed/drugInfo.cfm?setid=2265ef30-253e-11df-8a39-0800200c9a66
irinotecan,0.365,days,FDA_label,"IRINOTECAN HYDROCHLORIDE INJECTION, SOLUTION [ACTAVIS PHARMA, INC.]",https://dailymed.nlm.nih.gov/dailymed/drugInfo.cfm?setid=5e1fdcaa-918f-4cd8-9c7a-4c538d866198
lapatinib,1,days,FDA_label,TYKERB (LAPATINIB) TABLET [NOVARTIS PHARMACEUTICALS CORPORATION],https://dailymed.nlm.nih.gov/dailymed/drugInfo.cfm?setid=eee37f88-ec6a-4c30-b8aa-e2c71f93088c
lenvatinib,1.1667,days,FDA_label,LENVIMA (LENVATINIB) CAPSULE LENVIMA (LENVATINIB) KIT [EISAI INC.],https://dailymed.nlm.nih.gov/dailymed/drugInfo.cfm?setid=f4bedd21-efde-44c6-9d9c-b48b78d7ed1e
leuprolide,0.125,days,FDA_label,LEUPROLIDE ACETATE (LEUPROLIDE ACETATE) KIT [ZYDUS PHARMACEUTICALS USA INC.],https://dailymed.nlm.nih.gov/dailymed/drugInfo.cfm?setid=35634415-000f-47db-9bd7-9e16eef3f02e
letrozole,2,days,FDA_label,"LETROZOLE TABLET, FILM COATED [BRYANT RANCH PREPACK]",https://dailymed.nlm.nih.gov/dailymed/drugInfo.cfm?setid=26dcb6ee-74d8-4804-b151-79a41484979b
methotrexate,0.4775,days,FDA_label,METHOTREXATE TABLET [ACCORD HEALTHCARE INC.],https://dailymed.nlm.nih.gov/dailymed/drugInfo.cfm?setid=874c7f43-a3be-4236-89cc-24c44e3c5813
nivolumab,25,days,FDA_label,"OPDIVO (NIVOLUMAB) INJECTION [E.R. SQUIBB & SONS, L.L.C.]",https://dailymed.nlm.nih.gov/dailymed/drugInfo.cfm?setid=f570b9c4-6846-4de2-abfa-4d0a4ae4e394
olaparib,0.62,days,FDA_label,OLAPARIB POWDER [EVEREEN SHANGHAI BIOTECHNOLOGY LTD.],https://dailymed.nlm.nih.gov/dailymed/drugInfo.cfm?setid=9d25e526-6b0d-4e86-b0f0-b8bfed20c7ac
osimertinib,2,days,FDA_label,"TAGRISSO (OSIMERTINIB) TABLET, FILM COATED [ASTRAZENECA PHARMACEUTICALS LP]",https://dailymed.nlm.nih.gov/dailymed/drugInfo.cfm?setid=5e81b4a7-b971-45e1-9c31-29cea8c87ce7
palbociclib,1.2,days,FDA_label,"IBRANCE (PALBOCICLIB) TABLET, FILM COATED [U.S. PHARMACEUTICALS]",https://dailymed.nlm.nih.gov/dailymed/drugInfo.cfm?setid=89a142d5-7e61-48bf-9e77-e2cd124c4792
pazopanib,1.29,days,FDA_label,"PAZOPANIB TABLET, FILM COATED [SUN PHARMACEUTICAL INDUSTRIES, INC.]",https://dailymed.nlm.nih.gov/dailymed/drugInfo.cfm?setid=d3e8dd09-d7d2-43da-8f63-bdf0ea0fcdf5
pembrolizumab,22,days,FDA_label,"KEYTRUDA (PEMBROLIZUMAB) INJECTION, POWDER, LYOPHILIZED, FOR SOLUTION KEYTRUDA (PEMBROLIZUMAB) INJECTION, SOLUTION [MERC",https://dailymed.nlm.nih.gov/dailymed/drugInfo.cfm?setid=9333c79b-d487-4538-a9f0-71b91a02b287
pemetrexed,0.1458,days,FDA_label,"PEMFEXY (PEMETREXED) INJECTION [EAGLE PHARMACEUTICALS, INC.]",https://dailymed.nlm.nih.gov/dailymed/drugInfo.cfm?setid=2308f4e8-21c8-49c1-a5b8-deb8610bac6a
pemigatinib,0.6416,days,FDA_label,PEMAZYRE (PEMIGATINIB) TABLET [INCYTE CORPORATION],https://dailymed.nlm.nih.gov/dailymed/drugInfo.cfm?setid=9e1f2222-1d89-4e63-989c-ccebe2ab1eb4
regorafenib,1.16667,days,FDA_label,"STIVARGA (REGORAFENIB) TABLET, FILM COATED [BAYER HEALTHCARE PHARMACEUTICALS INC.]",https://dailymed.nlm.nih.gov/dailymed/drugInfo.cfm?setid=824f19c9-0546-4a8a-8d8f-c4055c04f7c7
selpercatinib,1.3333,days,FDA_label,"RETEVMO (SELPERCATINIB) CAPSULE RETEVMO (SELPERCATINIB) TABLET, COATED [ELI LILLY AND COMPANY]",https://dailymed.nlm.nih.gov/dailymed/drugInfo.cfm?setid=7fa848ba-a59c-4144-9f52-64d090f4d828
sunitinib,2.085,days,FDA_label,SUTENT (SUNITINIB MALATE) CAPSULE [PFIZER LABORATORIES DIV PFIZER INC],https://dailymed.nlm.nih.gov/dailymed/drugInfo.cfm?setid=43a4d7f8-48ae-4a63-9108-2fa8e3ea9d9c
tepotinib,1.3333,days,FDA_label,"TEPMETKO (TEPOTINIB HYDROCHLORIDE) TABLET [EMD SERONO, INC.]",https://dailymed.nlm.nih.gov/dailymed/drugInfo.cfm?setid=80a0f1b9-071a-47f5-9e67-32d638a669dc
temozolomide,0.075,days,FDA_label,"TEMOZOLOMIDE CAPSULE [OPKO PHARMACEUTICALS, LLC]",https://dailymed.nlm.nih.gov/dailymed/drugInfo.cfm?setid=28fae355-e29a-4f76-9c83-bc44663ff7d4
topotecan,0.125,days,FDA_label,TOPOTECAN INJECTION [ACCORD HEALTHCARE INC.],https://dailymed.nlm.nih.gov/dailymed/drugInfo.cfm?setid=7636bc1e-77b6-46ad-9df0-c8bb1c5e503f
trametinib,4.5,days,FDA_label,"TRAMETINIB DIMETHYL SULFOXIDE POWDER [BLUEBAY SHANDONG CO.,LTD]",https://dailymed.nlm.nih.gov/dailymed/drugInfo.cfm?setid=49d5f5ef-0d09-4045-9cae-a791d4fe0bce
trastuzumab-deruxtecan,5.5,days,FDA_label,"ENHERTU (FAM-TRASTUZUMAB DERUXTECAN-NXKI) INJECTION, POWDER, LYOPHILIZED, FOR SOLUTION [DAIICHI SANKYO INC.]",https://dailymed.nlm.nih.gov/dailymed/drugInfo.cfm?setid=7e67e73e-ddf4-4e4d-8b50-09d7514910b6
tucatinib,0.5,days,FDA_label,TUKYSA (TUCATINIB) TABLET [SEAGEN INC.],https://dailymed.nlm.nih.gov/dailymed/drugInfo.cfm?setid=f27eb1b9-b7fc-424e-988f-84dd7bb195a3
neratinib,0.5,days,FDA_label,"NERLYNX (NERATINIB) TABLET [PUMA BIOTECHNOLOGY, INC.]",https://dailymed.nlm.nih.gov/dailymed/drugInfo.cfm?setid=d1e41dcf-e82a-47c2-a0ad-6c6eef621834
belzutifan,0.583,days,FDA_label,"WELIREG (BELZUTIFAN) TABLET, FILM COATED [MERCK SHARP & DOHME LLC]",https://dailymed.nlm.nih.gov/dailymed/drugInfo.cfm?setid=13e15ee0-d679-4fa9-9430-e2e2170474da
entrectinib,0.8333,days,FDA_label,"ROZLYTREK (ENTRECTINIB) CAPSULE ROZLYTREK (ENTRECTINIB) PELLET [GENENTECH, INC.]",https://dailymed.nlm.nih.gov/dailymed/drugInfo.cfm?setid=c7c71b0c-2549-4495-86b6-c2807fa54908
sacituzumab-govitecan,0.98,days,FDA_label,"TRODELVY (SACITUZUMAB GOVITECAN) POWDER, FOR SOLUTION [GILEAD SCIENCES, INC.]",https://dailymed.nlm.nih.gov/dailymed/drugInfo.cfm?setid=57a597d2-03f0-472e-b148-016d7169169d
selinexor,0.2916,days,FDA_label,"XPOVIO (SELINEXOR) TABLET, FILM COATED [KARYOPHARM THERAPEUTICS INC.]",https://dailymed.nlm.nih.gov/dailymed/drugInfo.cfm?setid=f6dd2682-75a6-4863-90a8-a3197f6f78a8
rituximab,25,days,FDA_label,"RIABNI (RITUXIMAB-ARRX) INJECTION, SOLUTION [AMGEN, INC]",https://dailymed.nlm.nih.gov/dailymed/drugInfo.cfm?setid=da1c4de7-0e5b-4f72-97ec-7a8d368f085f
vinblastine,1.04166,days,FDA_label,"VINBLASTINE SULFATE INJECTION [FRESENIUS KABI USA, LLC]",https://dailymed.nlm.nih.gov/dailymed/drugInfo.cfm?setid=f073b58e-56d6-4c8d-a2ce-b37719402d77
tremelimumab,18,days,FDA_label,"IMJUDO (TREMELIMUMAB) INJECTION, SOLUTION [ASTRAZENECA PHARMACEUTICALS LP]",https://dailymed.nlm.nih.gov/dailymed/drugInfo.cfm?setid=6690679c-be2f-4588-a2e4-89fff74dd6be
lazertinib,3.7,days,FDA_label,"LAZCLUZE (LAZERTINIB) TABLET, FILM COATED [JANSSEN BIOTECH, INC.]",https://dailymed.nlm.nih.gov/dailymed/drugInfo.cfm?setid=c417f9ee-2027-4ed5-92ad-3c19266de16c
ribociclib,1.77,days,FDA_label,"KISQALI (RIBOCICLIB) TABLET, FILM COATED [NOVARTIS PHARMACEUTICALS CORPORATION]",https://dailymed.nlm.nih.gov/dailymed/drugInfo.cfm?setid=aaeaef94-f3f5-4367-8ea2-b181d7be2da8
goserelin,0.1666,days,FDA_label,ZOLADEX (GOSERELIN) IMPLANT [TERSERA THERAPEUTICS LLC],https://dailymed.nlm.nih.gov/dailymed/drugInfo.cfm?setid=294b168b-6e5f-4db9-bf70-d599271458b3
lurbinectedin,2.125,days,FDA_label,"ZEPZELCA (LURBINECTEDIN) INJECTION, POWDER, LYOPHILIZED, FOR SOLUTION [JAZZ PHARMACEUTICALS, INC.]",https://dailymed.nlm.nih.gov/dailymed/drugInfo.cfm?setid=632bb50c-3bcb-4c85-9056-fc33410550ae
quavonlimab,,days,manual_review,,https://dailymed.nlm.nih.gov/dailymed/search.cfm?labeltype=all&query=quavonlimab%C2%A0
fulvestrant,40,days,FDA_label,"FULVESTRANT INJECTION, SOLUTION [SAGENT PHARMACEUTICALS]",https://dailymed.nlm.nih.gov/dailymed/drugInfo.cfm?setid=d5ae9e07-73b0-4063-a9e4-0ffc5614c2b8
bleomycin,0.08333,days,FDA_label,"BLEOMYCIN POWDER, FOR SOLUTION [NORTHSTAR RX LLC]",https://dailymed.nlm.nih.gov/dailymed/drugInfo.cfm?setid=6824b1e1-e5fa-4371-ade9-1346e12ab0c7
tarlatamab,11.2,days,FDA_label,"IMDELLTRA (AMG757) (TARLATAMAB-DLLE) KIT [AMGEN, INC]",https://dailymed.nlm.nih.gov/dailymed/drugInfo.cfm?setid=1e7b6163-5d83-42ea-82c9-cf7620cdc782
ruxolitinib,0.125,days,FDA_label,OPZELURA (RUXOLITINIB) CREAM [INCYTE CORPORATION],https://dailymed.nlm.nih.gov/dailymed/drugInfo.cfm?setid=24da5509-6631-4795-9d42-273faecd08e7
abemaciclib,0.75,days,FDA_label,VERZENIO (ABEMACICLIB) TABLET [ELI LILLY AND COMPANY],https://dailymed.nlm.nih.gov/dailymed/drugInfo.cfm?setid=be4bc0de-0fdc-4d46-8d25-be43c79e6a06
hyaluronidase,,days,FDA_label,"OPDIVO QVANTIG (NIVOLUMAB AND HYALURONIDASE-NVHY) INJECTION, SOLUTION [E.R. SQUIBB & SONS, L.L.C.]",https://dailymed.nlm.nih.gov/dailymed/drugInfo.cfm?setid=7f8c38fa-42f4-4387-9e8c-7a1c66855d8b
lorlatinib,1,days,FDA_label,"LORBRENA (LORLATINIB) TABLET, FILM COATED [U.S. PHARMACEUTICALS]",https://dailymed.nlm.nih.gov/dailymed/drugInfo.cfm?setid=004f93d7-a1cd-4b67-9207-31cdcb5c5976
Fludarabine,,days,FDA_label,"FLUDARABINE PHOSPHATE INJECTION, SOLUTION [SAGENT PHARMACEUTICALS]",https://dailymed.nlm.nih.gov/dailymed/drugInfo.cfm?setid=20e5acf0-90b7-45c8-be78-91eaf77c9ac0
CAR-T infusion,30,days,not_applicable,Investigational / no FDA label,
Leuprorelin,,days,FDA_label,LEUPROLIDE ACETATE (LEUPROLIDE ACETATE) KIT [ZYDUS PHARMACEUTICALS USA INC.],https://dailymed.nlm.nih.gov/dailymed/drugInfo.cfm?setid=35634415-000f-47db-9bd7-9e16eef3f02e
tocilizumab,,days,FDA_label,"AVTOZMA (TOCILIZUMAB) INJECTION, SOLUTION [CELLTRION USA, INC.]",https://dailymed.nlm.nih.gov/dailymed/drugInfo.cfm?setid=581c288f-8015-40ef-a4c3-683c96db193d
relatlimab,,days,FDA_label,"OPDUALAG (NIVOLUMAB AND RELATLIMAB-RMBW) INJECTION [E.R. SQUIBB & SONS, L.L.C.]",https://dailymed.nlm.nih.gov/dailymed/drugInfo.cfm?setid=b22c9d83-3256-4e17-85f7-f331a504adc6
enfortumab,3.6,days,FDA_label,"PADCEV EJFV (ENFORTUMAB VEDOTIN) INJECTION, POWDER, LYOPHILIZED, FOR SOLUTION [SEAGEN INC.]",https://dailymed.nlm.nih.gov/dailymed/drugInfo.cfm?setid=b5631d3e-4604-4363-8f20-11dfc5a4a8ed
crizotinib,1.75,days,FDA_label,"CRIZOTINIB POWDER [BLUEBAY SHANDONG CO.,LTD]",https://dailymed.nlm.nih.gov/dailymed/drugInfo.cfm?setid=893c7747-7aa3-4660-a863-d89ded906ad7
cabazitaxel,,days,FDA_label,JEVTANA (CABAZITAXEL) KIT [SANOFI-AVENTIS U.S. LLC],https://dailymed.nlm.nih.gov/dailymed/drugInfo.cfm?setid=de3d9c26-572b-4ea4-9b2d-dd58a2b3e8fa
mitomycin,,days,FDA_label,"MITOMYCIN INJECTION, POWDER, LYOPHILIZED, FOR SOLUTION [BRYANT RANCH PREPACK]",https://dailymed.nlm.nih.gov/dailymed/drugInfo.cfm?setid=5f41676f-f687-47db-871c-35bbf2447a98
lomustine,1.33,days,FDA_label,"LOMUSTINE CAPSULE, GELATIN COATED [WILSHIRE PHARMACEUTICALS, INC.]",https://dailymed.nlm.nih.gov/dailymed/drugInfo.cfm?setid=3c3637fc-4499-4331-a3c4-6969fc86704e
erdafitinib,2.4583,days,FDA_label,"BALVERSA (ERDAFITINIB) TABLET, FILM COATED [JANSSEN PRODUCTS LP]",https://dailymed.nlm.nih.gov/dailymed/drugInfo.cfm?setid=2a8aa5c0-6c92-4566-8c45-e8f4d1fc20ee
larotrectinib,0.1208,days,FDA_label,"VITRAKVI (LAROTRECTINIB) CAPSULE VITRAKVI (LAROTRECTINIB) SOLUTION, CONCENTRATE [BAYER HEALTHCARE PHARMACEUTICALS INC.]",https://dailymed.nlm.nih.gov/dailymed/drugInfo.cfm?setid=0c8ca614-58b2-4aa4-83d3-0387a8f782fd
ivosidenib,2.416,days,FDA_label,"TIBSOVO (IVOSIDENIB) TABLET, FILM COATED [SERVIER PHARMACEUTICAL LLC]",https://dailymed.nlm.nih.gov/dailymed/drugInfo.cfm?setid=65d254c0-67ad-42c4-b972-ad463b755b2d
vorasidenib,10,days,FDA_label,"VORANIGO (VORASIDENIB) TABLET, FILM COATED [SERVIER PHARMACEUTICALS LLC]",https://dailymed.nlm.nih.gov/dailymed/drugInfo.cfm?setid=31405fee-55b7-4857-987e-2724ee76be84
