patient_id,drug_or_regimen,admin_date
PT001,pembrolizumab,2022-09-01
PT001,pembrolizumab,2022-09-21
PT001,pembrolizumab,2022-10-11
PT001,pembrolizumab,2022-10-31
PT002,cyclophosphamide,2023-01-01
PT003,nivolumab,2022-11-01
PT003,nivolumab,2022-11-22
PT003,nivolumab,2022-12-13
PT003,nivolumab,2023-01-03
PT003,nivolumab,2023-01-24
PT003,nivolumab,2023-02-14
PT004,temozolomide,2023-02-15
PT004,temozolomide,2023-03-08
PT004,temozolomide,2023-03-29
PT004,temozolomide,2023-04-19
PT004,temozolomide,2023-05-10
PT005,nivolumab,2022-12-01
PT005,nivolumab,2022-12-22
PT005,nivolumab,2023-01-12
PT005,ipilimumab,2022-12-01
PT005,ipilimumab,2022-12-22
PT005,ipilimumab,2023-01-12
PT006,carboplatin,2023-01-10
PT008,veliparib,2023-01-01
PT008,veliparib,2023-01-22
PT009,pembrolizumab,2022-09-01
PT009,pembrolizumab,2022-09-21
PT009,pembrolizumab,2022-10-11
PT009,pembrolizumab,2022-10-31
PT010,osimertinib,2023-01-20
PT010,osimertinib,2023-01-21
PT010,osimertinib,2023-01-22
PT010,osimertinib,2023-01-23
PT010,osimertinib,2023-01-24
PT010,osimertinib,2023-01-25
PT010,osimertinib,2023-01-26
PT010,osimertinib,2023-01-27
PT010,osimertinib,2023-01-28
PT010,osimertinib,2023-01-29
PT010,osimertinib,2023-01-30
PT010,osimertinib,2023-01-31
PT010,osimertinib,2023-02-01
PT010,osimertinib,2023-02-02
PT010,osimertinib,2023-02-03
PT010,osimertinib,2023-02-04
PT010,osimertinib,2023-02-05
PT010,osimertinib,2023-02-06
PT010,osimertinib,2023-02-07
PT010,osimertinib,2023-02-08
PT010,osimertinib,2023-02-09
PT010,osimertinib,2023-02-10
PT010,osimertinib,2023-02-11
PT010,osimertinib,2023-02-12
PT010,osimertinib,2023-02-13
PT010,osimertinib,2023-02-14
PT010,osimertinib,2023-02-15
PT010,osimertinib,2023-02-16
PT010,osimertinib,2023-02-17
PT010,osimertinib,2023-02-18
PT010,osimertinib,2023-02-19
PT010,osimertinib,2023-02-20
PT010,osimertinib,2023-02-21
PT010,osimertinib,2023-02-22
PT010,osimertinib,2023-02-23
PT010,osimertinib,2023-02-24
PT010,osimertinib,2023-02-25
PT010,osimertinib,2023-02-26
PT010,osimertinib,2023-02-27
PT010,osimertinib,2023-02-28
PT010,osimertinib,2023-03-01
PT010,osimertinib,2023-03-02
PT010,osimertinib,2023-03-03
PT010,osimertinib,2023-03-04
PT010,osimertinib,2023-03-05
PT010,osimertinib,2023-03-06
PT010,osimertinib,2023-03-07
PT010,osimertinib,2023-03-08
PT010,osimertinib,2023-03-09
PT010,osimertinib,2023-03-10
PT010,osimertinib,2023-03-11
PT010,osimertinib,2023-03-12
PT010,osimertinib,2023-03-13
PT010,osimertinib,2023-03-14
PT010,osimertinib,2023-03-15
PT010,osimertinib,2023-03-16
PT010,osimertinib,2023-03-17
PT010,osimertinib,2023-03-18
PT010,osimertinib,2023-03-19
PT010,osimertinib,2023-03-20
PT010,osimertinib,2023-03-21
PT010,osimertinib,2023-03-22
PT010,osimertinib,2023-03-23
PT010,osimertinib,2023-03-24
PT010,osimertinib,2023-03-25
PT010,osimertinib,2023-03-26
PT010,osimertinib,2023-03-27
PT010,osimertinib,2023-03-28
PT010,osimertinib,2023-03-29
PT010,osimertinib,2023-03-30
PT010,osimertinib,2023-03-31
PT010,osimertinib,2023-04-01
